tower_type,faa_study_number,registration_number,latitude,longitude,status_code,date_constructed,structure_street_address,structure_city,structure_state_code,height_of_structure,ground_elevation,overall_height_above_ground,overall_height_amsl,structure_type,owner_entity_name,owner_licensee_id,owner_first_name,owner_last_name,owner_phone,owner_internet_address,owner_street_address,owner_po_box,owner_city,owner_state,owner_zip_code,owner_attention,rep_entity_name,rep_licensee_id,rep_first_name,rep_last_name,rep_phone,rep_internet_address,rep_street_address,rep_po_box,rep_city,rep_state,rep_zip_code,rep_attention,hist1_purpose,hist1_status,hist1_date,hist1_addnl,hist2_purpose,hist2_status,hist2_date,hist2_addnl,hist3_purpose,hist3_status,hist3_date,hist3_addnl
Registered,2004-ANE-661-OE,1234487,41.6566944444444,-70.4975,Constructed,05/12/2004,54 Echo Road,Mashpee,MA,150.2698,106.9606,170.2839,277.2445,Tower,Industrial Communications  Electronics Inc,L01175461,,,7813191111,,40 Lone Street,,Marshfield,MA,02050    ,,,,Kevin,Delaney,7813191011,KevinDelaney@IndustrialCommunications.com,,,,,,,Modification,Granted,07/14/2004,NA,Constructed,Granted,07/14/2004,NA,Constructed,Granted,05/12/2004,NA
Registered,2008-ANE-981-OE,1268285,41.6710833333333,-70.5164166666667,Constructed,06/29/2010,23 Falmouth Sandwich Rd,Forestdale,MA,142.0673,136.1615,149.9417,286.1032,Tower,Global Tower LLC through American Towers LLC,L00008376,,,6785643236,faa-fcc@americantower.com,10 Presidential Way,,Woburn,MA,01801    ,FAA/FCC Regulatory,American Towers LLC,,,,6785643236,faa-fcc@americantower.com,10 Presidential Way,,Woburn,MA,01801    ,FAA/FCC Regulatory,Owner Change,Granted,08/29/2014,Assignor Global Tower LLC / Owner American Towers LLC / Rep American Towers LLC / ,Constructed,Granted,06/29/2010,NA,New Reg,Granted,05/12/2009,NA
Registered,97-ANE-0051-OE,1018712,41.7697222222222,-70.5091666666667,Constructed,05/01/1997,FREEZER RD,SANDWICH,MA,498.0558,12.1397,498.0558,510.1955,NA,Mirant Canal LLC,L00387926,,,5082910950,,FREEZER RD,,SANDWICH,MA,02563    ,Richard K. Dole,,,,,,,,,,,,,Constructed,Granted,02/05/2003,NA,Modification,Granted,01/16/2002,NA,New Reg,Granted,04/16/1997,NA
Registered,00-ANE-0135-OE,1216652,41.73225,-70.4586666666667,Constructed,04/12/2001,SANDWICH CONCRETE 290 QUAKER MEETINGHOUSE RD HYN113B,SANDWICH,MA,55.1208,186.0327,55.1208,241.1535,Tower,ATT Mobility Spectrum LLC,L01145911,,,8556997073,FCCMW@att.com,208 S Akard St RM 1016,,Dallas,TX,75202    ,FCC Group,ATT Mobility LLC,,Leslie,Wilson,8556997073,FCCMW@att.com,208 S Akard St RM 1016,,Dallas,TX,75202    ,FCC Group,Adm Update,Granted,06/22/2017,NA,Adm Update,Granted,06/09/2017,NA,Adm Update,NA,07/26/2016,NA
Non-Registered,01-ANE-0743-OE,NA,41.7310833333333,-70.4865,NA,NA,NA,SANDWICH,,52.4,73.5,NA,125.9,NA,VICTORY SAND  GRAVEL COMPANY,NA,,,NA,NA,NA,NA,NA,NA,NA,NA,NA,NA,NA,NA,NA,NA,NA,NA,NA,NA,NA,NA,FAA Filing,Issued,11/05/2001,NA,NA,NA,NA,NA,NA,NA,NA,NA
Non-Registered,85-ANE-381-OE,NA,41.7131388888889,-70.5047222222222,NA,NA,NA,SANDWICH,,71,54.9,NA,125.9,NA,COMMANDER FIRST COAST GUARD DISTRICT,NA,,,NA,NA,NA,NA,NA,NA,NA,NA,NA,NA,NA,NA,NA,NA,NA,NA,NA,NA,NA,NA,FAA Filing,Issued,04/10/1987,NA,NA,NA,NA,NA,NA,NA,NA,NA
Non-Registered,2017-ANE-2153-OE,NA,41.6992777777778,-70.4843888888889,NA,NA,NA,SANDWICH,,61,45.7,NA,106.7,NA,POLICE DEPARTMENT,NA,,,NA,NA,NA,NA,NA,NA,NA,NA,NA,NA,NA,NA,NA,NA,NA,NA,NA,NA,NA,NA,FAA Filing,Issued,07/27/2017,NA,NA,NA,NA,NA,NA,NA,NA,NA
Non-Registered,85-ANE-380-OE,NA,41.7134166666667,-70.5053055555556,NA,NA,NA,SANDWICH,,71,54.9,NA,125.9,NA,COMMANDER FIRST COAST GUARD DISTRICT,NA,,,NA,NA,NA,NA,NA,NA,NA,NA,NA,NA,NA,NA,NA,NA,NA,NA,NA,NA,NA,NA,FAA Filing,Issued,04/20/1987,NA,NA,NA,NA,NA,NA,NA,NA,NA
Non-Registered,2006-ANE-105-OE,NA,41.7175555555556,-70.5065555555556,NA,NA,NA,BUZZARDS BAY,,25,55.5,NA,80.5,NA,US COAST GUARD MLCLANT TP-2,NA,,,NA,NA,NA,NA,NA,NA,NA,NA,NA,NA,NA,NA,NA,NA,NA,NA,NA,NA,NA,NA,FAA Filing,Issued,03/13/2006,NA,NA,NA,NA,NA,NA,NA,NA,NA
Non-Registered,00285-ANE-344-OE,NA,41.6964722222222,-70.4841666666667,NA,NA,NA,SANDWICH,,91.4,51.9,NA,143.3,NA,BLANK,NA,,,NA,NA,NA,NA,NA,NA,NA,NA,NA,NA,NA,NA,NA,NA,NA,NA,NA,NA,NA,NA,FAA Filing,Issued,07/31/1986,NA,NA,NA,NA,NA,NA,NA,NA,NA
Non-Registered,87-ANE-149-OE,NA,41.7245277777778,-70.4705555555555,NA,NA,NA,SANDWICH,,51.8,79.3,NA,131.1,NA,MR W BURKE,NA,,,NA,NA,NA,NA,NA,NA,NA,NA,NA,NA,NA,NA,NA,NA,NA,NA,NA,NA,NA,NA,FAA Filing,Issued,12/14/1987,NA,NA,NA,NA,NA,NA,NA,NA,NA
Non-Registered,2006-ANE-103-OE,NA,41.7167777777778,-70.5095,NA,NA,NA,BUZZARDS BAY,,25,56.4,NA,81.4,NA,US COAST GUARD MLCLANT TP-2,NA,,,NA,NA,NA,NA,NA,NA,NA,NA,NA,NA,NA,NA,NA,NA,NA,NA,NA,NA,NA,NA,FAA Filing,Issued,02/23/2006,NA,NA,NA,NA,NA,NA,NA,NA,NA
Non-Registered,2006-ANE-104-OE,NA,41.7161111111111,-70.51,NA,NA,NA,BUZZARDS BAY,,25,56.4,NA,81.4,NA,US COAST GUARD MLCLANT TP-2,NA,,,NA,NA,NA,NA,NA,NA,NA,NA,NA,NA,NA,NA,NA,NA,NA,NA,NA,NA,NA,NA,FAA Filing,Issued,03/13/2006,NA,NA,NA,NA,NA,NA,NA,NA,NA
Non-Registered,2016-ANE-3110-OE,NA,41.6949444444444,-70.4993611111111,NA,NA,NA,NEW BEDFORD,,41.1,46,NA,87.2,NA,ECO-SITE INC IT,NA,,,NA,NA,NA,NA,NA,NA,NA,NA,NA,NA,NA,NA,NA,NA,NA,NA,NA,NA,NA,NA,FAA Filing,Issued,08/18/2016,NA,NA,NA,NA,NA,NA,NA,NA,NA
Non-Registered,00-ANE-0562-OE,NA,41.7221944444444,-70.4589444444444,NA,NA,NA,SANDWICH,,40.2,81.7,NA,121.9,NA,SOUTHWESTERN BELL MOBILE SYSTEMS,NA,,,NA,NA,NA,NA,NA,NA,NA,NA,NA,NA,NA,NA,NA,NA,NA,NA,NA,NA,NA,NA,FAA Filing,Issued,10/11/2000,NA,NA,NA,NA,NA,NA,NA,NA,NA
Non-Registered,90-ANE-386-OE,NA,41.7220277777778,-70.4583333333333,NA,NA,NA,SANDWICH,,37.8,81.1,NA,118.9,NA,SOUTHWESTERN BELL MOBILE SYSTEMS,NA,,,NA,NA,NA,NA,NA,NA,NA,NA,NA,NA,NA,NA,NA,NA,NA,NA,NA,NA,NA,NA,FAA Filing,Issued,11/09/1990,NA,NA,NA,NA,NA,NA,NA,NA,NA
Non-Registered,2014-ANE-648-OE,NA,41.7443055555556,-70.4563611111111,NA,NA,NA,EAST SANDWICH,,22.9,8.8,NA,31.7,NA,AMERICAN TOWERS LLC,NA,,,NA,NA,NA,NA,NA,NA,NA,NA,NA,NA,NA,NA,NA,NA,NA,NA,NA,NA,NA,NA,FAA Filing,Issued,06/26/2014,NA,NA,NA,NA,NA,NA,NA,NA,NA
Non-Registered,2011-ANE-123-NRA,NA,41.6706944444444,-70.5076388888889,NA,NA,NA,FALMOUTH,,45.7,48.8,NA,94.5,NA,VANGUARD CONST CO INC,NA,,,NA,NA,NA,NA,NA,NA,NA,NA,NA,NA,NA,NA,NA,NA,NA,NA,NA,NA,NA,NA,FAA Filing,Issued,05/05/2011,NA,NA,NA,NA,NA,NA,NA,NA,NA
Non-Registered,86-ANE-722-OE,NA,41.6761944444444,-70.5250277777778,NA,NA,NA,SANDWICH,,27.4,32,NA,59.4,NA,LIBERTY CORNER ASSOCIATES INC,NA,,,NA,NA,NA,NA,NA,NA,NA,NA,NA,NA,NA,NA,NA,NA,NA,NA,NA,NA,NA,NA,FAA Filing,Issued,08/21/1987,NA,NA,NA,NA,NA,NA,NA,NA,NA
Non-Registered,01-ANE-0713-OE,NA,41.6581388888889,-70.4956111111111,NA,NA,NA,MASHPEE,,40.2,45.7,NA,86,NA,SEACOAST LP,NA,,,NA,NA,NA,NA,NA,NA,NA,NA,NA,NA,NA,NA,NA,NA,NA,NA,NA,NA,NA,NA,FAA Filing,Issued,09/04/2001,NA,NA,NA,NA,NA,NA,NA,NA,NA
Non-Registered,2009-ANE-438-NRA,NA,41.6649722222222,-70.5194722222222,NA,NA,NA,FALMOUTH,,15.2,39.6,NA,54.9,NA,US COAST GUARD,NA,,,NA,NA,NA,NA,NA,NA,NA,NA,NA,NA,NA,NA,NA,NA,NA,NA,NA,NA,NA,NA,FAA Filing,Issued,09/28/2009,NA,NA,NA,NA,NA,NA,NA,NA,NA
Non-Registered,2016-ANE-1272-NRA,NA,41.6652777777778,-70.5216666666667,NA,NA,NA,FALMOUTH,,37.2,37.2,NA,74.4,NA,CUTTER ENTERPRISES,NA,,,NA,NA,NA,NA,NA,NA,NA,NA,NA,NA,NA,NA,NA,NA,NA,NA,NA,NA,NA,NA,FAA Filing,Issued,10/17/2016,NA,NA,NA,NA,NA,NA,NA,NA,NA
Non-Registered,99-ANE-307-OE,NA,41.7128333333333,-70.4961666666667,NA,NA,NA,OTIS ANLB,,91.4,39.7,NA,131.1,NA,US COAST GUARD,NA,,,NA,NA,NA,NA,NA,NA,NA,NA,NA,NA,NA,NA,NA,NA,NA,NA,NA,NA,NA,NA,FAA Filing,Issued,08/17/1999,NA,NA,NA,NA,NA,NA,NA,NA,NA
Non-Registered,2002-ANE-279-OE,NA,41.6559722222222,-70.5009722222222,NA,NA,NA,MASHPEE,,46.9,35.1,NA,82,NA,SEACOAST LP,NA,,,NA,NA,NA,NA,NA,NA,NA,NA,NA,NA,NA,NA,NA,NA,NA,NA,NA,NA,NA,NA,FAA Filing,Issued,06/27/2002,NA,NA,NA,NA,NA,NA,NA,NA,NA
Non-Registered,2005-ANE-798-OE,NA,41.6570555555556,-70.5056388888889,NA,NA,NA,FALMOUTH,,35.4,35.7,NA,71,NA,RAYTHEON,NA,,,NA,NA,NA,NA,NA,NA,NA,NA,NA,NA,NA,NA,NA,NA,NA,NA,NA,NA,NA,NA,FAA Filing,Issued,11/07/2005,NA,NA,NA,NA,NA,NA,NA,NA,NA
Non-Registered,2006-ANE-1344-OE,NA,41.7086111111111,-70.4272222222222,NA,NA,NA,SANDWICH,,57.9,73.2,NA,131.1,NA,OMNIPOINT COMMUNICATIONS INC NEW ENGLAND,NA,,,NA,NA,NA,NA,NA,NA,NA,NA,NA,NA,NA,NA,NA,NA,NA,NA,NA,NA,NA,NA,FAA Filing,Issued,06/12/2008,NA,NA,NA,NA,NA,NA,NA,NA,NA
Non-Registered,2016-ANE-1030-OE,NA,41.66675,-70.5276388888889,NA,NA,NA,FALMOUTH,,25,39,NA,64,NA,US COAST GUARD C3CEN,NA,,,NA,NA,NA,NA,NA,NA,NA,NA,NA,NA,NA,NA,NA,NA,NA,NA,NA,NA,NA,NA,FAA Filing,Issued,08/17/2016,NA,NA,NA,NA,NA,NA,NA,NA,NA
Non-Registered,2016-ANE-540-OE,NA,41.6624166666667,-70.5223611111111,NA,NA,NA,FALMOUTH,,31.7,36.9,NA,68.6,NA,FAA - BOSTON TERMINAL CONSTRUCTION CENTER,NA,,,NA,NA,NA,NA,NA,NA,NA,NA,NA,NA,NA,NA,NA,NA,NA,NA,NA,NA,NA,NA,FAA Filing,Issued,04/25/2016,NA,NA,NA,NA,NA,NA,NA,NA,NA
Non-Registered,2009-ANE-278-NRA,NA,41.6608333333333,-70.5221388888889,NA,NA,NA,FALMOUTH,,10.4,36.6,NA,46.9,NA,US COAST GUARD,NA,,,NA,NA,NA,NA,NA,NA,NA,NA,NA,NA,NA,NA,NA,NA,NA,NA,NA,NA,NA,NA,FAA Filing,Issued,10/22/2009,NA,NA,NA,NA,NA,NA,NA,NA,NA
Non-Registered,2010-ANE-1-OE,NA,41.7159444444444,-70.4989444444444,NA,NA,NA,FORESTDALE,,78.6,54.6,NA,133.2,NA,US COAST GUARD,NA,,,NA,NA,NA,NA,NA,NA,NA,NA,NA,NA,NA,NA,NA,NA,NA,NA,NA,NA,NA,NA,FAA Filing,Issued,02/18/2010,NA,NA,NA,NA,NA,NA,NA,NA,NA
Non-Registered,2006-ANE-106-OE,NA,41.7179166666667,-70.50325,NA,NA,NA,BUZZARDS BAY,,25,55.8,NA,80.8,NA,US COAST GUARD MLCLANT TP-2,NA,,,NA,NA,NA,NA,NA,NA,NA,NA,NA,NA,NA,NA,NA,NA,NA,NA,NA,NA,NA,NA,FAA Filing,Issued,03/13/2006,NA,NA,NA,NA,NA,NA,NA,NA,NA
Non-Registered,2011-ANE-360-OE,NA,41.7302777777778,-70.4909722222222,NA,NA,NA,SANDWICH,,43.3,68,NA,111.3,NA,AMERICAN TOWER CORPORATION,NA,,,NA,NA,NA,NA,NA,NA,NA,NA,NA,NA,NA,NA,NA,NA,NA,NA,NA,NA,NA,NA,FAA Filing,Issued,03/14/2011,NA,NA,NA,NA,NA,NA,NA,NA,NA
Future,02-ANE-215-OE,1234704,41.6558888888889,-70.5003055555556,Granted,,Off Echo Rd - Mashpee MA,MASHPEE,MA,167.0029,114.835,167.0029,281.8379,Tower,Seacoast LP,L00481488,Richard,Joyal,5083627791,joyalr@aol.com,19 Brentwood Ln,,Yarmouthport,MA,02675    ,,,,,,,,,,,,,,New Reg,Granted,06/26/2002,NA,NA,NA,NA,NA,NA,NA,NA,NA
